index,age,gender,platform/name,product,rating,text,polarity,class
864,[20-30),female,ููุดู,ููุงุจุณ,2,ุฌูุฏุฉ ุงูููุงุจุณ ููุชุงุฒุฉ ููู ุงูุชูุตูู ูุชุฃุฎุฑ ูุซูุฑ ุงุฐุง ุทูุจุช ูู ุจุนุถ ุงูุจุฑุงูุฏุงุช,negative,truthful
865,[20-30),female,modanisa,ููุงุจุณ,2,ุงูุชููุช ูง ูุทุน ุฑุงู ูู ููุท ูข ููุง ุฌุนููู ูุณุชุงุกุฉ ูููุงู ุงูููุฏูุฑ ููุญูุงุณู ุงูุดุฏูุฏ ุจุบูุฑ ูุงุฆุฏุฉ,negative,truthful
866,[20-30),female,shein,ูุฒูุฑูุฉ ูุฑูุฏ ( ูุงุฒุง),2,ุงููุฒูุฑูุฉ ุฃู ุงููุงุฒุง ูุงูุช ุจูุงุณุชูููุฉ ุงูุตูุนุ ููุฒููุง ุฎููู ุฌุฏูุงุ ุจูุฌุฑ ููุณู ุจุณูุทุฉ ุจุฅุตุจุนู ูุฅููุง ุณูู ุชุณูุท ุจูู ุณูููู ููุงุจุฏ ูู ุฃู ุชุถุน ุฃู ุฃู ุชููุฆ ุงููุฒูุฑูุฉ ุจุดูุฆ ุซููู ูุฃุญุฌุงุฑ ูุซูุง๐ุ ูุฃูุถุง ุญุฌููุง ุฃุตุบุฑ ูู ุงูุตูุฑุฉ ุงููุนุฑูุถุฉ ูู ุงููููุนุ ูููู ุชูุชุงุฒ ุจููููุง ุบูุฑ ุงูุจุงูุช ููุฐูู ุจุณุนุฑูุง ุงูููุงุณุจ. ููุง ุฃูุตุญ ุจุดุฑุงุกู ูู ุงููููุน ููุฌุฏ ุฃูุถู ููู ูู ูุชุงุฌุฑ ุฃุฎุฑู.,negative,truthful
867,under 20,female,Noon,headphone,3,ุณูุงุนุฉ ุฌูููุฉ ูุฌูุฏู ุงูุตูุช ููู ุงุตุจุญ ุจูุง ุนุทู ุจุนุฏ ุซูุงุซ ุดููุฑ ููุท ูู ุดุฑุงุฆูุง ,negative,truthful
868,under 20,female,shein,Wool blouse,3,ููุงุณูุง ูุจูุฑ ุฑุบู ุงูู ุงุดุชุฑูุช ุงุตุบุฑ ููุงุณ ุนูุฏูู ,negative,truthful
869,[20-30),female,instagram,watch,3,ุญุฌู ุงูุณุงุนุฉ ุฃุตุบุฑ ููุง ุชููุนุช ูููู ูุง ุจุฃุณ ุจูุง ูุฃู ุดูููุง ุฌููู,negative,truthful
870,[20-30),female,Chick Point,pullover,3,ุญูู ุจุณ ุชููุนุช ุงูุฎุงูุฉ ุฃุซูู ุดูู ุทูุน ุฎููู ูุตูุญ ุตููู ุจุงููุณุจุฉ ูููู ููุณ ุงูุตูุฑุฉ ุนุฌุจูู ุญุชู ุงููุตุฉ ุญููุฉ,negative,truthful
871,[20-30),female,ali express,ุฐุฑุงุน ุฑูุจูุช,3,ุงูููุชุฌ ูุตููู ุจุดูู ุณููู ููู ูุงูุนู ุงู ุงุฑุดุงุฏุงุช ููุชุฑููุจ ุงู ุตูุฑุฉ ุชูุถุญ ุทุฑููุฉ ุงูุชุฑููุจ,negative,truthful
872,[20-30),female,Lobo store,ููุฑ ุขูุจุงุฏ,3,ุฌูุฏุฉ ุงูููุฑ ูุชูุณุทู ูุงุฐุง ูุงู ูุงุชุญ ูุชุบูุฑ ูููู ุจุณุฑุนุฉ,negative,truthful
873,[20-30),female,shein,ุจุงูุฉ ูุฑุฏ ุตูุงุนูุฉ,3,ุฃููุง ุดูู ุงููุฑุฏ ุงูุตูุงุนู ุฌููู ููุทุงุจู ููุตูุฑุฉ ููุนูุง ูุง ูู ุงูุตูุฑุฉ ุงููุนุฑูุถุฉ ูู ุงููููุน ูุงูุช ุนุจุงุฑุฉ ุนู ุจุงูุฉ ูุจูุฑุฉ ุงูุญุฌู ูุชุญุชูู ุนูู ุงูุนุฏูุฏ ูู ุงููุฑุฏ ูููู ุนูุฏ ุงููุฑุงุกุฉ ูู ุงููุตู ุจุชูุนู ุนุฑูุช ุฃููุง ููุณุช ุจุงูุฉ ูุฅููุง ูุฌุฑุฏ ุบุตู ูุงุญุฏ ููุท ููููู ุดุฑุงุกู ูุงุฐุง ุฃุฑุฏุช ุฃู ุชุญุตู ุนูู ุจุงูุฉ ูู ุงููุฑุฏ ููุงุจุฏ ุฃู ุชุดุชุฑู ุงูุนุฏูุฏ ูููุงุ ุฃู ูู ูุชู ุชูุถูุญ ุฐูู ูู ุงูุตูุฑุ ูุฃูุถูุง ุญุฌู ุงูุบุตู ูุงู ุฃุตุบุฑ ูู ุงููุชููุนุ ูุจูุฌุฑ ุฃู ุชููุณ ูุฑูุฉ ุงูุบุตู ุจูุฏู ูุฅููุง ุณูู ุชุณูุท ุจูู ุณูููุฉุ ูููู ุฃููุงู ุงููุฑุฏ ุฌูููุฉ ูููุณุช ุจุงูุชู.,negative,truthful
874,[20-30),male,ุณุจูุงุด,ููุตุงู,3,ููุตุงู ุฌูุฏุฉ ูููุนูุฉ ููุชุงุฒุฉ ูุจูููุฉ ุงูู ูู ุงูุชุณูู ุนู ุทุฑูู ุงููุญู ุ ุชุนุฏุฏ ุงูููุชุฌุงุช ูู ุงููููุน ุงูุงูููุงูู ูุฒูุฏ ูู ุญูุฑุชู ูุชุฑุฏุฏู ุนู ุชุณููู ูู ุงููุญู,negative,truthful
875,[20-30),female,ali express,ุบุทุงุก ูุงุชู,3,ูู ููู ุงูููู ุงูุฐู ุทูุจุชู,negative,truthful
912,[20-30),female,shein,ููุฏู,3,ุงูููู ุงููุฑุฏู ูุงูุน ููุณ ูุงุฏุฆ ููุง ุชูุธูุฑ ุงูุตูุฑุฉุ ููู ูุจุทู ูููุงุณุจ ุงูุดุชุงุกุ ูุนููููุง ุงูุตูุฑุฉ ุฎุงุฏุนุฉ ุชูุธูุฑู ุฃุฌูู ูู ุญูููุชูุ ูุงุณุน ูู ุงูุฃุนูู ุฃุถูู ูู ููุทูุฉ ุงูุฎุตุฑุ ูููุณ ููุง ุฌูุจ(ูุฎุจุงุฉ) ููุฃูุฏู ,negative,truthful
915,[20-30),female,Noon,ุณุงุนุฉ,3,ุงูุณุงุนุฉ ุฌูููุฉ  ููู ุบูุฑ ูุฑูุญุฉ ูู ุงููุจุณ,negative,truthful
918,[20-30),female,ุณููู,ูุณุชุงู,3,ูุณุชุงู ุฌููู ูุดููู ุจุงููุงูุน ูุทุงุจู ุงูุตูุฑู ูููู ููุงุดุฉ ูุชุนูุท ุจุณุฑุนู,negative,truthful
924,[20-30),female,Noon,ุณูุงุนุฉ,1,ูุตูุช ุฎุฑุจุงูู ุจุณ ุฑุฌุนูุง ูููุณู ,negative,truthful
929,under 20,female,shein,ูุทุงุฑุฉ,2,ูุง ุงุนุฌุจูู ูุฑู ูุงู ูุงู ููุชูุจ ูู ูุตู ุงูููุชุฌ ุงููุง ุญุงูุธุฉ ููุญุฑุงุฑุฉ ูุงูุจุฑูุฏุฉ  ูููุง ูุตูุชูู ุทูุนุช ู ุชุญูุธ ูุง ุญุฑุงุฑุฉ ููุง ุจุฑูุฏุฉ + ูุงูุช ุจุงูุจุฏุงูุฉ ุฒููู ู ุชุณุฑุจ ููุง ุดู ุจุณ ุจุนุฏูู ุจุฏุช ุชุณุฑุจ ุงููุงุก ูู ุตุฑุช ุงุณุชุนูููุง ,negative,truthful
938,[20-30),female,amazon,ุญููุจู,3,ุนูููู ูุงูุดูู ูุทุงุจู ููู ุฌูุฏุฉ ุงูููุงุด ุชุจุฏู ุณูุฆุฉ ุงูุดูู,negative,truthful
941,[20-30),female,ุงูุณุชุฑุง,ุฌูุงู,3,ุฌูุฏ ุฌุฏุง ููู ุดุญู ุงูุจุทุงุฑูุฉ ูููุฐ ุจุณุฑุนู,negative,truthful
942,[20-30),female,shein,ููุงุจุณ ,3,ุงูููุงุจุณ ุฌูููู ููู ุงูููุงุณุงุช ูู ุงูุตูุฑ ุบูุฑ ุฏูููู ูู ูุนุถ ุงูุซูุงุจ ุงูุชู ุงูุชููุชูุง ูุงูุช ูุงุณุนุฉ ุฌุฏุง ุฌุฏุง ุจุญูุซ ุงููุง ูุง ุชูุจุณ ูุงูุจุนุถ ุจุฏุง ุฌูุฏ ููู ููุณ ูุซุงูู ุฑุบู ุงููุง ููุงุณุงุชู,negative,truthful
946,[30-40),female,ููุดู,ุญููุจุฉ,2,ุฌูุฏ ูููู ูุงููุฌุฏ ูุตู ุฏููู ูุตูุฑ ูุงููุฉ ,negative,truthful
947,[40-50),female,ali express,ูุนุทู,2,ุงูููุชุฌ ูุฎุชูู ุนู ุงููุนุฑูุถ ูุฎุงูุชู ูุฎุชููุฉ ุชูุงูุง ,negative,truthful
954,[20-30),female,Noon,ุฌูุงุฒ ุงููุชุฑููู ,2,ุณูุก ุฌุฏุงู,negative,truthful
956,[20-30),female,ูููุน ุณููู,ุนุทุฑ ูููุชุฌุงุช ุนูุงูู ุจุงูุจุดุฑู,1,ุงูููุชุฌุงุช ูููุง ูููุฏู ููุงุณู,negative,truthful
958,[20-30),female,amazon,ููุจ ุญุฑุงุฑู,3,ุงูููุชุฌ ูุงู ูููุณ ููู ุนูู ุฎูุงู ูุงูุชุจ ุงูู ูุญูุธ ุงูุญุฑุงุฑุฉ ูุฏุฉ ูกู ุณุงุนุงุชุ ุจุนุฏ ุงูุชุฌุฑุจุฉ ุตุงุฑ ูุญูุธ ุงูุญุฑุงุฑุฉ ูุฏุฉ ูค-ูฅ ุณุงุนุงุช ููุท ,negative,truthful
961,[50-60),female,shein,ูุณุชุงู,1,ุฎุงูุฉ ุฑุฏุฆูุฉ ,negative,truthful
980,under 20,female,ุดู ุงู,ุฌุฒูุฉ,3,ุฌุช ููุงุณู ุจุงูุถุจุท ูุทุงูุนู ุชุฌูู ุจุงูุทุจูุนู,negative,truthful
1011,(under 20),female,shein,ุจูููุฑ,1,ุทุงูุน ูุงูู ููููุจ ููุฑุฉ ูุงุงุง ูุง ุงูุตุตุญูููู ,negative,truthful
1039,(under 20),female,shein,ุญููุจุฉ,3,ุงุตุบุฑ ูู ุงููู ุชููุนุชู ,negative,truthful
1042,[20-30),female,Noon,ููุจ ูููุฉ,2,ูููู ุจุงููุงูุน ูู ุฌููู ูุตุบูุฑ ูู ุนูุฏ ุงููุณูุฉ ูุตุบูุฑ ุนููููุง,negative,truthful
1061,(under 20),female,shein,ููุตูุงุช,3,ูุฌูู ุจุณ ุตูุญุชูู ูู ุตูุญุฉ 20 ูุตูุฉ ููุดุจููู ุจุนุถ ูู ูุฑุฉ ุงูุตุญูู ,negative,truthful
1071,[20-30),female,ุฑููู,ุฑูุจ ุงุณุชุญูุงู,3,ููุช ุงุฑู ุงููุซูุฑ ูู ุงูุงุนูุงูุงุช ุญูู ููุชุฌุงุช ุงููููุน ููุฑุฑุช ุชุฌุฑุจุฉ ุงููููุนุ ุจุงููุณุจุฉ ูู ูู ุงูู ููุงุตูุงุช ุฑูุจ ุงูุงุณุชุญูุงู ูู ุฌูุฏุฉ ุงูููุงุด ุงูุนุงููุฉ ููู ููุงุด ุงูููุชุฌ ูู ูุฑุถู ุชููุนุงุชู ูุงู ุงุณูุก ููุง ุชููุนุช ุงูุง ุงูููุงุณ ูุงูููู ููุงู ูุทุงุจู ูููุงุตูุงุช ุงููููุน ,negative,truthful
1075,[20-30),female,ุงูุณูุณ,ุงู ุดุฏู ,1,ูุงู ุฌุฏุงู ุณูุก ูู ูุงุญูุฉ ุงูุชุบููู ูููุชุฌุงุช ุงูุชุฌููู ูุงููู ุงู ุงูุชูุงู ูุชุบููู ููุตูุชู ูุชูุณุฑ ููุชุฏูุฑ ุ ุชููููู ูุงูุณูุณ ูู ูุงุญูุฉ ููุชุฌุงุช ุงููููุงุฌ ููุท ,negative,truthful
1079,[20-30),female,shein,ุฌุฒูุฉ ,2,ุทูุจุช ููู ูุฌุงุก ูู ููู ุซุงูู ๐ฅน,negative,truthful
1081,[20-30),male,ุฒูุฑู ูุงูู,ุดุงุดู ุญูุงูู,3,ุงููู ุจุณุฑุนู ุฌุฏุง ููู ุญูุงูุชู ุฌูุฏู ููุงูุงูู,negative,truthful
1083,[20-30),female,Noon,ููู ูุฌููุน ุงูุฃุฌูุฒุฉ,3,ุงูููู ููุดู ุงูุญุงู ุญุฏู ููู ูุจู ููุชุจ ููุชุงุช ูุงุดูุงุก ููุฏุฑุงุณุฉ ูุง ูููุน ุงุจุฏ ููุฑุณุงููู ููุง ูุฏุนู ุฑุงุญุฉ ุงููุฏ ูุนูุจู ุงูุงูุจุฑ ุงู ุฑุงุณ ุงูููู ุญุฏูุฏ ูุถุงูู ุจุงููุชุงุจู ุจุณ ูุชุงุจุชู ุญููู ููุง ููุทุน ูุนู ููุดุญู ุจุณูู ูู ุจููุชูุซ,negative,truthful
1086,[20-30),female,shein,ููุฒุฉ ,3,ุฌูุฏ ุงูููุงุณ ุฌูุฏ ููู ุงูููุงุด ูู ููู ููุณ ุงูุชููุนุงุช,negative,truthful
1088,[20-30),female,ูุชุฌุฑ ุฑุงููุฒ,ุณุงุนุฉ,3,ุชุบููู ุจุณูุท ุฌุฏูุง ุ ุดุญู ุงูุณุงุนู ุจุณุฑุนู ููุชูู ุ ุชูุตูู ุณุฑูุน ,negative,truthful
1099,[20-30),female,shein,ุญููุจู ,1,ุญุฌููุง ุตุบูุฑ ุฌุฏุง ,negative,truthful
1108,under 20,male,shein,ุชูุดูุฑุช,3,ููุชุงุฒ ููู ุงูููุงุด ุฌูุฏุชู ููุณุช ููุชุงุฒู ูููุณุช ุณูุฆู,negative,truthful
1112,[20-30),male,ุฒููุช ุงูุงุนุดุงุจ ุงูุณุจุนู,ุฒูุช ุดุนุฑ,1,ุณูุก ููุง ุงูุงุฏูู ,negative,truthful
1123,[40-50),male,ูููุงุฑ ููุนุฒู ุงูุญุฑุงุฑู LLumar,ุนุงุฒู ุญุฑุงุฑู,3,ุบุงูู ุฌุฏุงู ูุดุบูู ูุธูู,negative,truthful
1124,[40-50),male,ุงูุณุชุฑุง,ุฌูุงุฒ,3,ูู ุฎูุงุฑุงุชู ูุชููุฑู ููู ุชุญุชุงุฌ ุชูุชุธุฑ ุณุงุนู ุนุดุงู ุชููู ุงุฌุงุจู ููุงุณุชูุณุงุฑ,negative,truthful
1134,[20-30),female,ุฌุงููุช,ุฃุณูุณ,3,ููุจูู ุดูููุงุ ูุฃูู ุฌุงููุช ูุทุฑู. ููุงุณุจ ูุฃุฌูุงุก ุงูุงูุทุงุฑ ูููู ูุฎุชูู ุนู ุงูุตูุฑุฉุ ุฌูุฏุชู ุบูุฑ ููุงุฆูุฉ ูุณุนุฑู ูููุช ุจุฑุฌุนู ูููุง ุฃู ุงุณุชุนููุชู,negative,truthful
1137,[20-30),female,ุณุงุนู ุฐููู,ุณูุชุฑุจูููุช,1,ูุตูุชูู ุฎุฑุจุงูู,negative,truthful
1141,[20-30),female,ุดูุทุฉ,ููู,3,ุทูุจุชูุง ูุฑุฌุนุชูุง ุตุฑุงุญุฉ ูุงู ุญุฌููุง ูุจูุฑ ููุงููุงุณุจูู ููุง ูุดูุทู ุธูุฑ ููุงุณุจู ุฌุฏุง ุจุณ ุงูุง ููุช ุงุจุบุงูุง ุชููู ุงุตุบุฑ :),negative,truthful
1148,[20-30),female,ุนุจุงูุฉ,ุฏุงุฑ ูููุง,1,ูุฐุง ุงูููุชุฌ ุณูุก ููุณ ููุง ูู ุงูุตูุฑุฉ ูุงูุฌูุฏุฉ ุฃูู ูู ุนุงุฏูุฉ ุฎูุงุทูุง ูุฎูุท ุฃูุถู ูู ูุชุฌุฑ ูุชุฎุตุต ุจุงูุนุจุงูุงุช,negative,truthful
1152,[20-30),female,ุงูู ูุทุท,ุงูุงุฒูู,3,โุฑุฃูู ูู ุงูููุชุฌ ุงููุญุงูุฏ ุญูุซ ูุทุชู ุงูุฃููู ุฃุญุจุชู ููุงู ููุงุณุจ ููุง ุงูุง ุงูุฃุฎุฑู ูุชุบูุฑ ููู ุดุนุฑูุง ูู ุฃุจูุถ ุฅูู ุฃุณูุฏ ุจุณุจุจู ูุน ุงูุนูู ูุทุท ุงูุงูู ูุฌูู ุจูุฏู ู ุดูุฑุงุฒู ูุงููุทุฉ ุงูุซุงูู ูุฌูู ููููุงูุง ู ุดูุฑุงุฒู,negative,truthful
1166,[20-30),female,ุฌุฒูุฉ,ููุบุง ูููุฒูุช,5,ุงูููุชุฌ ูุตู ูุชุฃุฎุฑ ุดูู,negative,truthful
1177,[20-30),female,ุชูุดูุฑุช ุฑูุงุถุฉ,6 ุณุชุฑูุช,1,ูุงุงุงุดู ุฌุฏุงู ู ุนูุณ ุงูุตูุฑุฉ ุชูุงูุง ู ุงููุงุถุญ ุงู ููุชุฌุงุชูู ุชูููุฏ ูุงูุช ุงูู ู ุงุฎุฑ ุชุฌุฑุจุฉ,negative,truthful
1190,[20-30),female,ููุจ ูููุฉ ุญุงูุธ ููุจุฑูุฏุฉ,ุจูุชููุงุช,2,ุงูููู ุงูุฐู ุนูู ุงูููุจ ุณูุก ูุชูุดุฑ ูุน ุงูุฃูุงู!!,negative,truthful
1196,[30-40),female,shein,ุญููุจู ,3,ุฌููู ูููู ุญุฌููุง ุตุบูุฑ ูุฎุชูู ุนู ุงูุตูุฑู ุงููุนูู ุนููุง,negative,truthful
1201,[40-50),female,shein,ูุนุทู,3,ูุทุนุฉ ูุงุจุฃุณ ุจูุง ูููุตูุง ุงูุฌูุฏุฉ ูู ุงูุตูุน,negative,truthful
1205,[50-60),female,ููู,ุญููุจุฉ,3,ุงูููุชุฌ ูู ุงูุตูุฑุฉ ูุฎู ูุดููู ุฐู ุฏุฑุฌู ุนุงููุฉ ูู ุงูุฌูุฏู ูุฃุชูุงุฌุฃ ุงูู ุนุงุฏู ุฌุฏุง,negative,truthful
1208,[50-60),female,ุนุทูุฑ ุดุฌุงุน,ุนุทุฑ,3,ุฑุงุฆุญุชู ููุงุฐู ูุซุงุจุชู ูููู ูุงุชุนุฌุจูู ุชุฐูุฑูู ุจุฑุงุฆุญุฉ ุงูุณุฌุงุฆุฑ ูุงุญุจูุชูุง ููููุงุฃุนุฌุจุช ุจูุชู ุนูููุง ุจุงูุนุงููู,negative,truthful
1216,[20-30),female,mcdonalds,,3,ุงููุทุนู ุฌูุฏ ูุงูุชูุตูู ุณุฑูุน ูููู ุงูุทุนู ูุง ูุฑุชูู ูููุณุชูู ุงููุทููุจ ุจุณ ุฑุฎูุต ูุงูุถู ูู ุบูุฑู,negative,truthful
1217,under 20,female,herfy,,1,ุทุนูู ุงูู ูู ุนุงุฏู ูุงูุณุชุงูู ุงููุงุญุฏ ูุฏูุน ููู ุงูุซูุงุซูู ุฑูุงู ุนูู ูุฌุจู ุฒููุง ,negative,truthful
1218,[20-30),female,Aiden,,2,ุงูุทุนู ุนุงุฏู ูุง ุดูุก ูููุฒ ูููุตู ุชูููุน ูู ุงููููู ูุงูุฃุณุนุงุฑ ุบุงููุฉ ููุงุฑูุฉ ุจุงูุฌูุฏุฉ ุงููุชูุณุทุฉ ูุงููููุฉ ุงูููุงู ุฑุงูู ููุฎู ูุฎุงุตุฉ ุงูุณุทุญ ูุชุนุงูู ุงููุงุฏุฑ ุฌูุฏ  ูุตูุญ ุชุฑูุญ ูููุฉ ุจูู ูุฏุฉ ูุฃุฎุฑู ููููุนููููุฉ ููุฌุฏ ุดุงู ูุฌุงูู  ุงูููู ุฃูุฒุนูุง ุดูุฑ ูุนูู,negative,truthful
1219,[20-30),female,shawrma jormeh,,2,ุฌุฑุจุช ุดุงูุฑูุง ุฌุงูุจู ุตุงุฌ ุฏุฌุงุฌ  ุญุฌู ุงูุณุงูุฏููุชุด ููุชุงุฒ ุชูุฑูุจูุง 25 ุณู ููููุฉ ุงูุญุดู ูุนุชุฏูุฉ ุฃุดูุฑ ุณุฑุนุชูู ูู ุฅูุฌุงุฒ ุงูุทูุจ ุฎูุงู ุนุดุฑ ุฏูุงุฆู ุชูุฑูุจูุง ูุง ููุฌุฏ ูููุง ุทุนู ุซูู ูุงุถุญ ูุงุญุธุช ุฃู ูููุง ุฒูุช.. ูุนูู ูู ุงูุณุงูุฏููุชุดูู ูุงููุง ููุทุฑูู ุฒูุช.. ูููุง ูุชุญุชูุง ุชุฃูุฏุช.. ูููู ูุฐุง ูุณุจุจ ูุดููุฉ ููู ูุนุงููู ูู ูุดุงูู ุตุญูุฉ ููููู ุงูุจุนุถ ุงูุขุฎุฑ ูุง ูููุงูุน  ููุงุฑูุฉ ุจูุทุงุนู ุงูุดุงูุฑูุง ุงูุฃุฎุฑู ูุญุชุงุฌ ูุฐุง ุงููุทุนู ุฃู ูุดุฏ ุญููู ูุง ุฃุนุชูุฏ ุฃููู ุณุฃูุฑุฑ ุงูุชุฌุฑุจุฉ ูุฃู ูุณุฃูุฉ ุงูุฒูุช ุญุณุงุณุฉ ุนูุฏู ููุฃู ุงูุณุนุฑ 12 ุฑูุงู ูููุงุญุฏุฉ ูู ุณุนุฑ ุณุงูุฏููุชุด ุงูุฌุงูุจู ูู ูุนุธู ุงููุทุงุนูุ ูุงูุทุนู ุงูููุฏู ูู ุนุงุฏู ูุบูุฑ ูููุฒ  ุฅุฐุง ูุฑูุช ุนููู ุจุทุฑููู ูููู ุชุฌุฑุจู ููู ุฅุฐุง ูุฏู ุจุดุงูุฑูุง ุฎุทูุฑุฉ ูููู ููู ุฎูุงุฑุงุช ุฃุฎุฑู ุงูุถู,negative,truthful
1220,[20-30),female,ALBAIK,,2,ูุชููุฒ ุงูุจูู ุจูููุชู ุงููููุฒุฉ ููููุฏู ุตูุตุงุช ูุชููุนุฉ ููููุฒุฉ ููุนู ูุฐุง ุณุฑ ููู ุงูุจูู ูุฌููุง ูุชูุฑุฏุง. ููุง ุฒุงูุช ุฃุณุนุงุฑู ููุงุณุจุฉ ููุงุฑูุฉ ุจุงููููุฉ ูุงูุฌูุฏุฉ ุงูููุฏูุฉ.  ุนูุฏู ููุงุญุธุชูู ุนูู ูุฌุจุฉ ูุณุญุจ ุงูุฏุฌุงุฌ: 1-ุงูุจุทุงุทุณ ุงูููุฏูุฉ ูุน ุงููุฌุจุฉ ูุง ุชูุช ููุจุทุงุทุณ ุจุฃู ุตูุฉ ุณูู ุงูุงุณูุ ููุฐุง ุดูุก ูุคุณู ูุงุณู ุนุฑูู ูุงูุจููุ ุฃุชููู ุงููุธุฑ ูู ุฌูุฏุฉ ุงูุจุทุงุทุณ ูุชุญุณูููุง. 2- ูู ุจูู ูุฎุชูู ูุทุงุนู ุงููุฌุจุงุช ุงูุณุฑูุนุฉ ูุณุญุจ ุงูุจูู ูุชุนุจ ููุฌุณู ูุฅู ูู ุชูู ุชุนุงูู ูู ูุดุงูู ุตุญูุฉุ ูููุฐุง ุฃุชููู ูุฑุงุฌุนุฉ ุงูููููุงุช ุฃู ุงูุชูุจูู ูุนุฏู ููุงุฆูุชูุง ูุจุนุถ ุงูุฃูุฑุงุฏ.  ูุฃุฎูุฑูุง ุฃุดูุฑูู ุนูู ุชุฎุตูุต ููุงู ูุทูุจุงุช ุงููุณุงุก ๐๐ผ ููููููู.,negative,truthful
1221,[20-30),female,ููุงูู ุดุงูุฑ ,,3,ุชุบูุฑ ูุณุชูู ุงูุงูู ููุงุณู ุ ุทูุจุช ุจููุณ ุตุงุฌูุงุช ูููุน ุงูุฏุฌุงุฌ ูุงุณ ุณุงุฏุฉ ู ุงูุญููู ูุฐูู ุงูููุงูู ุงููุญูุฏ ุงูู ุงูู ุงูุงู ูููุณ ,negative,truthful
1222,[20-30),female,ููุคูุดุฉ,,2,ุงูุฎุจุฒ ูุงุดูุ ุงูุญุดูุฉ ูุงูุช ููููุฉ ู ุงูุฌุจู ูุชุฌูุฏ(ุงูุนูุงูู) ู ุงูุงุณุนุงุฑ ูุจุงูุบ ูููุง ุจุงููุณุจุฉ ููุฌูุฏุฉ. ุจุงูุณุงุจู ูุงู ุงููุทุนู ุงูุถู,negative,truthful
1223,[20-30),female,ูุฒุง ููุฒุง,,3,ุงูุฃูู ุงูู ูู ุนุงุฏู ุงููููู ุฌุฏูุง ูุญุฏูุฏ ุจุณ ุงูุฎุฏูุฉ ุณุฑูุนุฉ ูุงูููุธููู ุจุดูุดูู ุฌุฏูุง ,negative,truthful
1224,[20-30),female,mcdonalds,,2,ูุงู ูุฐูุฐ ุจุงูุนุงุฏุฉ ุจุณ ุฌุฑุจุช ุฃุฎุฑ ูุฌุจุฉ ุฌุฏูุฏุฉ ุจูู ุชุงูุณุชู ุงูุฏุฌุงุฌ ุงููู ููุฑู ุงููุนูุฉ ูุจ ูุฐูุฐุฉ ุงุจุฏูุง ุงุจุฏูุง  ูุงูููุช ููุง ุญุชู ุฑุจุนูุง ุฒูุฏ ุนูู ูุฐุง ูุงู ูุบูู ุงูุฃุณุนุงุฑ ุงุดุชุฑูุชูุง ุจูฃูฃ ุงูุณุงูุฒ ุงููุณุท ูุน ุงูู ุงุณุชุนููุช ููุงุท ุงูููุงูุฃุฉ ูุงุชุณูู ุนูููุง ูุงูุง ูุง ุงููุช ุงูุง ุงูุจุทุงุทุณ ๐ก,negative,truthful
1225,[20-30),male,ุงููุฑูุฉ ุงููุฌุฏูุฉ,,2,ุงูุงุณุนุงุฑ ูุฑุชูุนุฉ ููุงุฑูุฉ ุจุฌูุฏุฉ ุงูุงููุ ุงูุงูุชูุงู ุจุฏูููุฑุงุช ุงูููุงู ูุงูุฌูุณุงุช ูุนุฏู ุงูุงูุชูุงู ุจุฎุฏูุฉ ุงูุฒุจุงุฆูุ ุงูุทุนุงู ุจุงุฑุฏ ูุบูุฑ ุทุงุฒุฌ ูููุน ุงููุญู ุฑุฏูุกุ ุชุฑุงุฌุน ููุญูุธ ูู ูุณุชูู ุงููุทุนู ุ ูุน ุงู ุงูุฏูููุฑ ุงูุฎุงุต ุจุงููุทุนู ุฌููู ูุฌุฐุงุจ ููููู ุฎุณุงุฑุฉ ูู ุญูู ุนุฏู ุชููุฑ ุฎุฏูุฉ ุฌูุฏุฉ,negative,truthful
1226,[20-30),female,ููุฑูุช,,3,ุงูุทุนู ุนุงุฏู,negative,truthful
1227,[20-30),female,ุจุงุณุชููุชุง,,3,ุงูุฃูู ุทุงุฒุฌ ูุณุงุฎู ูุทุนู ุงูุจุงุณุชุง ูุฐูุฐ ุจูููุง ุงูุจูุชุฒุง ุชุนุชุจุฑ ูุฎุงุทุฑุฉ ูู ุงููุทุนู ูุฃููุง ุบูุฑ ูุนุชุงุฏุฉ ูุงุนุชูุฏ ุงููุง ุชุณุชูุฏู ุฐูู ูุนูู ููููุง ุงุนุฌุจุชูู,negative,truthful
1228,[20-30),female,ุงููุงุฑ ุจุงูุฑูุงุถ ,,3,ุงูุฎุฏูู ูุงูุช ูุฑู ููุชุงุฒู ููุธูู ููุฐุง ุงูุงูู ุ ูููุนู ุฌุฏูุง ุฌุฏูุง ููุชุงุฒ ูุฎุตูุตูุง ููุช ุฑุงูุญู ููุช ููุณู ูุชุฃุณูุณ ูููู ูุนูุจู ุงุฐุง ูุงู ููู ุฒู ุงูุชุฃุณูุณ ุงู ุงูููู ุงููุทูู ุงูููุงู ุจุงูููู ุญูู ุงูููุฏู ูููู ุฒุญูู ูุงุตูุงุช ุณูุงุฑุงุช ูุง ููุฏู ุชูุงู ูุนูู ๐คฃ,negative,truthful
1229,[20-30),female,ุจูุฑุฌูุง ,,3,ุงูุทุนู ููุงุณู ุชุบูุฑ ุนู ุงูู ูุจุฑุถู ุงูุงุณุนุงุฑ ุ ูููู ุฌูุฏ ุงููุญู ุนูุฏูู ูุงูุชุดูู ููุจู ุจุนุฏ ุญูู ,negative,truthful
1231,[20-30),female,ุฏูุณุชู ุจุฑูุณุชุฏ,,1,ุงุณุนุงุฑู ุงุบูู ูู ุงูุจุฑูุณุชุฏ ุงูุนุงุฏู ููุน ุฐูู ุทุนูู ูุงููู ุฒูุฏ ููููู ุงูู,negative,truthful
1233,[20-30),female,ALBAIK,,3,ููููู ุงูุณูู ูุงูู ุชุงูู ูููู ,negative,truthful
1234,[40-50),female,ุงุณููุฑูุจู,,3,ูุชููู ุชูุชููู ุจูููุฉ ุงูุงูู,negative,truthful
1235,[50-60),female,ููุฑ,,3,ุงุจุณุนุฑ ูุฑุชูุน ููุนุงู ูุง,negative,truthful
1236,[20-30),female,mcdonalds,,3,ูุฐูุฐ ููู ููุฌุฏ ุฎุทุฃ ุจุงูุทูุจ ุฏุงุฆูุงู๐,negative,truthful
1237,[40-50),female,ุจูุชุฒุง ุฏููููุฒ ,,3,ุฌูุฏ ูููู ุบุงูู ,negative,truthful
1238,[20-30),female,mcdonalds,,3,ุงููุฌุจุฉ ูููุงูู ูุงููููุฒ ูุฎุณ ูุฑู ุฏุณูู ููุชูู ูููููู ุงู ูุญุทูู ุจุงููุช ูุงููููุฒ ุนูุดุงู ุงูุฏุฑ ุงุชุญูู ุจูููุฉ ุงูุตูุต,negative,truthful
1239,[20-30),female,ูุฑู ุงููุงุฏู,,2,"ุทูุจุช ุณุงูุฏููุด ุงูุตุงู ุฏุฌุงุฌ , ุงูุทุนู ูุง ุจุฃุณ ููู ุงูุณุนุฑ ูุจุงูุบ ููู ููุงุฑูุฉ ุจุงููุทุงุนู ุงูุซุงููุฉ ูููุณ ุงูุทูุจ",negative,truthful
1240,[30-40),male,ุจูุจุงูุฒ,,1,ุชุฌุฑุจุฉ ูู ุงูุฑุฑูุง( ุงูุทูุจ ูู ุงููุฑุน ูุจุงุดุฑุฉ ูููุณ ุนู ุทุฑูู ุงูุชุทุจููุงุช) ุงูุฎุฏูุฉ ุจุทูุฆุฉ ุญูู ูุต ุณุงุนู ูุน ุงูู ุฌุงู ุงูุธูุฑ ููุงูู ุฒุญูู ุงูุงุณุนุงุฑ ูุฑุชูุนู ุนูู ููุฑุฒูุงุช ูููู ุงูููู ูุจุฏู ุงู ูู ุงูููุชุฌุงุช ุจููุงูุฉ ูุญุฏุฉ ุทูุจุช ุฏุฌุงุฌ ูุงูุทุนู ูุงูุฑูุญุฉ ุฑูุจูุงู ุฏุฑุฌุฉ ุงูุงุณุชูุงุก ุบูุฑ ูุงุถุฌ ุชูุฑู ุงููุนูู ุงูุถุง ุงูุจุทุงุทุณ ุงูููุฑูุณุฉ ุณูุฆุฉ ููุบุงูุฉ ุงูุถุง ุบูุท ุจุงูุทูุจ,negative,truthful
1241,[30-40),male,ููุฏู,,2,ุชุบูุฑุช ุนูููุง ูุงููุฏู ููุฏู ุฏุฌุงุฌ ููุงุณู ููุซุฑูู ุฎุณ ูุจุตู,negative,truthful
1242,[30-40),male,ููุฏู,,1,ููุงุณู ุฎูุงู ุงูุณููุงุช ุงูุงุฎูุฑุฉ ููุฏู ุชุฎุชูู ุฌูุฏุชู ูู ูุฑุน ุงูู ูุฑุน ููุฐุง ุงููุฑุน ููุง ุฏุฎูุชู ููู ุฑูุญุฉ ุดููุฉ ู ูุชูู ู ุญุฑ ุญุชู ุฌูุฏุฉ ุงูุทูุจ ุบูุฑ ูุซูุง ุงูุฎุจุฒ ููุจ ุทุงุฒุฌ ูุบูุฑูุง ุจูููุง ุงููุฑูุน ุงูุซุงููุฉ ุบูุฑ ููุง ูุงู ุงููุงูู ุณุนูุฏู ููุท ูุงู ูุฑูุฒ ุนูู ุงูุฌูุฏุฉ ููู ุงููุฑูุน ูุทุงูู ูุญุชุฑู ูู ุงูููุจูู ูุงุดุชูุฑ ููุง ุจุงุนู ุฌุฒุก ูู ุญุตุฉ ุงูุดุฑูุฉ ุงูู ุดุฑูุฉ ููุฏูุฉ ุงูุงุฑุงุชูุฉ ุฑูุน ุงูุงุณุนุงุฑ ู ุฒุงุฏ ุงูุชุณููู ูุฃููู ุงูุฌูุฏุฉ ููุงุณู,negative,truthful
1243,[20-30),female,ูุฑูู ,,3,ูุตุฑุงุญู ุชุฌุฑุจู ุญููู ููู ูุฑุงุช ูููู ุฒูู ููุฑุงุช ูุง ุนูู ุญุณุจ ุงููุฑุน ูุงูููุช ,negative,truthful
1244,[20-30),female,ูุงูุง (ุจุนููุฒุฉ),,3,ูุนุทู ุฌููู ูุงููู ุฌูุฏุ ููู ูุงู ููุงู ุงุฒุนุงุฌ ุดุฏูุฏ ุนูุฏ ุฒูุงุฑุชูุง ุทูุจุช ูู ุงูุนุงูููู ูุชุญ ุงูุจุงุจ ูุงูููุงูุฐ ูุชุฎููู ุงูุงุฒุนุงุฌ ููู ุฑูุถูุง,negative,truthful
1245,[40-50),female,ุงุจู ููููุจู,,3,ุงูููููุจู ูุฐูุฐู ููุงูู ุทุจุฎ ุจูุช ูุงููููู ููุงุณุจู ุงูุจุฑูุงูู ูุชูุณุท ,negative,truthful
1246,[40-50),female,ูุฑูู,,1,ุงูุชูุตูู ุณูุก ูุงูุงูู ููุตู ุจุงุฑุฏ ูุนูุฏ ุงูุทูุจ ูู ุงููุทุนู ูุงุฎุฐ ููุช ุงูุชุธุงุฑ ,negative,truthful
1247,[40-50),female,ุงูุงุฑุฒ ุงูููุฏู,,3,ูุงู ุงูุงูู ุฌูุฏ ููู ููุช ูุชููุนู ุดู ุงูุถู ุงูุง ุงูููุงู ูุงูุฌูุณุงุช ูุงููุธุงูู ูุงูุช ุฌูุฏู ูุฑู ,negative,truthful
1248,[20-30),female,ุฏู ูุงูุฒู,,3,ุงููุทุนู ุฑุงุฆุน ูู ุญูุซ ุงููููุน ูุงูุชุตููู ูุงูุฃุซุงุซ ุงูุฏุงุฎูู ูุงูุฎุงุฑุฌู ูููู ุชุนุงูู ุทุงูู ุงูุนูู ููุณ ุงูุงูุถู ูุงูุทุงูู ุฌุฏูุง ุจุทุฆ ูููุณ ุงุญุชุฑุงูู ุนูู ุงูุงุทูุงู  ุงูุง ุจุงููุณุจุฉ ููุฃุทุจุงู ููุงูุช ุงูุฌูุฏุฉ ูุชูุงูุชู ูุจุนุถ ุงูุงุทุจุงู ูุฐูุฐู ุฌุฏูุง ูุงูุฑุฑ ุชุฌุฑุจุชูุง ูุงูุจุงุณุชุง ูุงูุจุฑูุฑ ุงูุง ุงูุจูุชุฒุง ููุณุช ูุฐูุฐู ูุชุญุชุงุฌ ุงูู ุจุนุถ ุงูุชุนุฏููุงุช  ุงุณุนุงุฑ ุงููุทุนู ูุชูุณุทุฉ ,negative,truthful
1249,[20-30),female,ุจุงุจุง ุนูู ,,3,ุฌูุฏ ููู ูุญุชุงุฌ ุงูุชูุงู ุจุงููุธุงูู ุดูู ,negative,truthful
1250,[20-30),female,mcdonalds,,3,ุทูุจุช ุตูุต ูุนุทููู ุตูุต ุซุงูู๐ฅน๐ฅน ูุงูุช ุงููุฌุจุฉ ูุฐูุฐุฉ ๐๐ผ,negative,truthful
1251,[20-30),female,ูุงุฒุง ููุฒุง,,3,ุงูุงูู ุณุฑูุน ุงูุชุญุถูุฑ ู ุงููููุงุช ุฌูุฏุฉ ุงูุงุณุนุงุฑ ุฌูุฏุฉ ุ ุงููุธุงูู ูุชุฏููุฉ ,negative,truthful
1252,[20-30),female,ูุฑูู,,3,ุณุฑูุน ูุฑุฎูุต ููู ุงููุฌุจู ุตุบูุฑู ,negative,truthful
1253,[20-30),female,ุชุฑูู,,3,ุทูุจูุง ูุงู ูุงูุขุชู : ุจุฑูุฑ ูุญู 7/10 | ุญููู ุฎูููู ุนูู ุงููุนุฏู ููู ูู ูููุฒู ูุฑู ูุนูู ูุฑุณุจู 9/10 | ุฎูููู ุงูุฏุฌุงุฌ ููุฑูุด ููุฐูุฐู ุชุญุณ ุจุทุนู ุฌููุน ุงูููููุงุช ููู ูุชููุณููู ูููุง ููุจู ูุฑุณุจู 5/10 | ุงุนุฑู ุงู ุงูููุจู ุงุณุงุณู ุงูุญูุงูู ููู ูุงู ุญุงูู ุจุฒูุงุฏู ุดูู ููุงุนุฌุจุชูู ุดุฎุตูุงู ุงุดูู ุงููุฑุณุจู ุณุงุฏู ุงูุถู ุจุทุงุทุณ ุชุฑูุฉ 8/10 | ูุฐูุฐ ููู ุฏุณู ุจุณ ูู ูููุฒ ุงูุตูุต ุทูุจูุง ุงุซููู ูุงุฐูุฑ ุงุณูุงุฆูู ุจุณ ูุงุญุฏ ุงุจูุถ ูุฐูุฐ ูุงูุซุงูู ุจุงูู ุทุนูู ูุงููููุฒ ูุน ูุงุชุดุจ ุจุณ  ุจุงููุฎุชุตุฑ ุงููุทุนู ูู ุฒู ุงูุตูุช ุงูู ุทูุน ุนูู ูุนูู ููู ุงูุฐ ููู ุงุชููู ูู ูุณุคูู ุงููุทุนู ูุฎูู ููู ูููุฉ ูููุฒู ุจุฃููู ุดูู ูุนูู ููุง ุชุงููู ุชููู ุงููู ุชุฌุฑุจู ูุฑุงุญุช ููุง ุฑุงุญ ุชุนูุฏูุง,negative,truthful
1254,[20-30),female,ูุทุนู ูุณูู ุงูุชุฑูู,,3,ุตุฑุงุญุฉ ุชููููุงุช ุงููุญู ุจูููู ูุงุจ ูุงุญูุณุชูู ูุฐูู ุทูุจุช ูุชูุด 6/10 ุฎุณ ูุทูุงุทู ูุชุชุจููู ุญูููู ูุทูุจูุง ุจูุชุฒุง ููุณ ุญุฌู ุตุบูุฑ 8/10 ูุฐูุฐุฉ ูุฑู ูุณุงุฎูููู ููู ููููุงุชูุง ูุฑุด ูุทูุจุช ูุฑุงูุฒ ุนุงุฏู 10/10 ูุฐูุฐ ูููู ูููุณ ูุทุงุฒุฌ  Fatoush 6/10 Small Mix Pizza 8/10 tasty ๐ Fries 10/10 fresh and delicious,negative,truthful
1255,[20-30),female,ุงููู,,3,"ุญุฌุฒูุง ููู ุนู ุทุฑูู ุทุฑุจูุฒู  ุงูููุงู ุญูู ููู ุนูุจู ูุนูุงู ุงููุงุฑู ุงูุฎุงูุชู ุฌุฏุงู ุจุงูููุฑุงุช  ุชุบุฏููุง ููู ููุงูุช ุทูุจุงุชูุง : ุณูุทุฉ ุณูุฒุฑ 7/10 ""ูุฐูุฐุฉ ุตุฑุงุญุฉ "" ุฑุฒูุชู ุจุงูุฏุฌุงุฌ ูุงููุทุฑ 5/10 ""ูุฐูุฐ ูููู ูููุฉ ุญููุฉ ูุฑู ููู ูุง ุงุทูุจู ุชุงูู "" ุณูุงูุฏุฑ ุชุดูู 9/10 ""ููููู ูุฑู "" ูุฑุงูุฒ ุชุจุนูู ุจุงูุชุฑูู 4/10 "" ุญููู ููู ููู ูููู ุทุงุบูู ูุฎุฑุจุชู "" ุดุฑูุจ ุฏููุงููุช 9/10 ""ูููููู ููู ูุชูุงุฒูู ูููุชู ุฌุฏุงู ูุชุญุชู ููููู ุจุตูุต ุฎููู ุฑููุจ ูุฑู ""  ูุทูุจูุง ูู ุงูุชุทุจูู ุงููุง ูุชุบุฏุง ุจููุงุณุจุฉ ูููุฉ ูุงุญุชูููุง ูููุง ุตุฑุงุญุฉ ุงุญุชูุงููู ูููููุช ูุฑู ูุทุงูู ุงูุนูู ุฎุฏููู ูุจุดูุดูู ูุงููุทุนู ูุธูู ุฌุฏุงู ูููุชู ุจุงูุชูุงุตูู  ููุงุญุธุฉ : ุงูุทุงููุฉ ุงูู ุงูุง ุฌุงูุณู ูููุง ูุฑุชูุนู ุนู ุงููุฑุณู ูุฑู ุงู ุงูุง ูุตูุฑู ูุฏุฑู ููู ุงุฐุง ุจุชุงูููู ุจุฏูู ูุฑูุดู ุงุฌูุณูุง ุจุงูููุทูุฉ ุงูู ุจุงููุณุท",negative,truthful
1256,[20-30),female,ุจูุด,,2,ุงูู ุดูุก ุฌุฐุจูู ุจุงููุทุนู ุงูุตูุต ุงูุจููู ุงูู ุนูุฏูู ุตุฑุงุญุฉ ุญููู ุจุณ ูู ูููููู ุญููุถุชู ุทูุจูุง ุจููุณ ููู ุณูุงูุฏุฑ ุชุดูุฒ ุจุฑูุฑ ูุงู ูุง ุจุฃุณ ููู ุจุณ ุญุงุงุงูุถ ูุฑู ู ููุจู ุชุดูู ุณูุงูุฏุฑ ูุฐูุฐุฉ ุงูุตุฏู ูุงูุจุทุงุทุณ ุงุทูุจูู ุณุงุฏู ุงุฐุง ูุงุชุญุจูู ุญููุถู ุงูุตูุต ุงูุจููู,negative,truthful
1257,[20-30),female,ูููุฉ ูุฑู,,1,ุทูุจุช ุจูุชุฒุง ุฎุถุงุฑ ูู ูุฑุน ุงูุงูู ุงูุจูุชุฒุง ูู ูุชุญุชูุง ูุงุถุญ ุดูููุง ูุฏููู ุฐูุชูุง ุงูุทุนู ููู ุดู ุฎุฑุจุงู ูุงุถุญ ูุฏููู ูุณุฎูููุง ููุง ุฏููุช ุงููููู ุงููุฑูุง ุงูููุถูุน,negative,truthful
1258,[30-40),male,ูุทุจุฎ ุงูุซุฑูุง,,3,ุงูุทุจุฎ ูุงูุชุนุงูู ููุชุงุฒ ุงูุงุณุนุงุฑ ูุชูุงุนุจ ุจูุง,negative,truthful
1259,[30-40),male,ููุฒู,,3,ุงูุงูู ููุชุงุฒ ูุฑุงุฆุน ููู ุงูููุถู ุงูุณุนูุฏู ุงูุณููู ุชุนุงููู ุณูุฆ ูุงููุงุถู ุจุฐูุฆุฉ ููุงููู ุชุจุงุนุฏ ูุดูู ุงูููุงูู ุนูู ุชููููุง ููุง ูุญุฑุต ุนูู ุงูุชุจุงุนุฏ,negative,truthful
1260,[20-30),male,ุฏูููููุฒ ุจูุชุฒุง,,3,ูุง ูุงูุช ุชุฌุฑุจู ููุชุงุฒู ุงูุงูู ุจุงุฑุฏ ููุนูุง ูุง ,negative,truthful
1261,[40-50),male,mcdonalds,,1,ูุง ุงูุตุญ ุจู,negative,truthful
1262,[40-50),male,ูุทุนู ููููู ุงูุนููู,,3,ุญูู,negative,truthful
1263,[40-50),male,ุดุงูุฑูุฑ,,1,ูู ุญูู ููุงูุญ ููุงุดู,negative,truthful
1264,[40-50),male,ููุชุงูู,,2,ูุง ุงูุตุญ ุจู,negative,truthful
1265,[40-50),male,mcdonalds,,1,ุบูุฑ ุตุญู,negative,truthful
1266,[40-50),male,ุดุฑูุจ ุงูุงุชููู,,1,ูุงุงุนุฌุจูู ุฒููุช,negative,truthful
1267,[40-50),male,ุดุฑูุจ ููุดู,,1,ุบูุฑ ุตุญู,negative,truthful
1268,[40-50),male,ุนุงูุฎููู,,2,ูุทุนู ููู ููุฉ ุงุฏุจ ุ ูุนุทูู ุงูุทูุจ ุจูุฑุงุชูู ููููู ูุง ููู ุงููุงุณ ุนูุฏูุง ูุงูุช ูุงูุฒุจูู ุตูู ูุฑุงุชููู ูุงููู ูุทูุญ ูููุง ูุณุคููุชู,negative,truthful
1269,[40-50),male,ููุฏู,,2,ุฏูุฑุฉ ุงูููุงู ูุฐุฑู ุฌุฏุงู,negative,truthful
1270,[40-50),male,ููุฏู,,3,ูุฑุน ูุงููู ุฒุญูู ุ ูุธุงูุฉ ุงูุทุงููุงุช ูุงูุงุฑุถูู ุฏุงุฆููุง ูููุง ูุดููู,negative,truthful
1271,[40-50),male,ูุทุนู ุชูุณู,,3,ุงูุฏุฌุงุฌ ูุงูุจุทุงุทุณ ูุฐูุฐ ุ ูุธุงูุฉ ุงูุทุงููุงุช ูุงููุบุณูู ุบูุฑ ุฌูุฏู,negative,truthful
1272,[40-50),male,ูุดููุงุช ุตุญุงุฑู ุฏูุดู,,3,ูุดุงูู ููุชุงุฒู ูุณูุฏูุชุดุงุช ููุทุงูุฑ ูุฐูุฐู ุ ุงูููุจูุงุช ุงูู ูู ุนุงุฏูู,negative,truthful
1273,[40-50),male,taxi foods,,2,ูุฑุน ุตุบูุฑ ุฌุฏุง ูุงูุชูููู ูุง ูุนูู,negative,truthful
1274,[40-50),male,ููุฏู,,3,ูุณู ุนุงุฆูุงุช ูุจูุฑ ุ ูุธุงูุฉ ุงูููุงู ุงูู ูู ุงููุทููุจ,negative,truthful
1275,[40-50),male,ูุฑูู,,3,ุงุณุนุงุฑ ุบูุฑ ุฌูุฏู,negative,truthful
1276,[40-50),male,ุงูุทุงุฒุฌ,,2,ุงูุฎุฏูู ูู ูุฐุง ุงููุฑุน ุณูุฆู ุ ููุงู ุงูุงูู ุญุงุฑ ููุง ุงูุตุญ ุจุฒูุงุฑุฉ ูุงููุฑุน ููุช ุงูููุงุฑ,negative,truthful
1277,[40-50),male,ุดุงูุฑูุฑ,,2,ุฏุงูู ุฒุญูู ูุงุณุนุงุฑ ูุจุงูุบ ูููุง,negative,truthful
1278,[40-50),male,ุชูู ุชูู,,3,ุชูุช ุฒูุงุฏุฉ ุงูุงุณุนุงุฑ ุ ุฒูุงุฏุฉ ุฑูุงููู ูููุฌุจุฉ ูู ุจุฏุงูุฉ ุงูุณูุฉ ุงููููุงุฏูุฉ 2020 ุ ูุง ููุฌุฏ ูุณู ููุนูุงุฆู ูู ูุฐุง ุงููุฑุน ุ ุงููุฌุจุงุช ูู ูุชุฑุฉ ุทูููุฉ ูู ูุถุงู ุงูููุง ูุฌุจุฉ ุฌุฏูุฏุฉ.,negative,truthful
1279,[40-50),male,ุงูุทุงุฒุฌ,,2,ุงูุชูููู ูุชุนุทู ูู ูุฐุง ุงููุฑุน ุงูุซุฑ ูู ุงุณุจูุนูู ุญุชู ุงูููู ุ ุงุทูุจ ุณูุฑู,negative,truthful
1280,[20-30),female,ุงูุทุฑุจูุด ุงูุฏูุดูู,,1,ูุงู ุงูุถู ูุญู ูู ูุงุฒู ุงูุฑู ูุงูุง ุทุงูุนุฉ ูููุตูู ููู ุงุฎุฑ ูุฑุฉ ุฎุฑุจ ูุญุงุณูู ุฑูุญุฉ ุงููุญูู ุณูุฆุฉ ุณูุงุก ุฏุฌุงุฌ ุงู ูุญู ุนุฑุจู ุฏุฌุงุฌ ุนุงุฏู ุณูุก ุตุงุฑูุฎ ุตุงุฌ ูุญู ุณูุก ูุฑู ุนูุจ ูุงุนููู,negative,truthful
1281,[20-30),male,ูุทุงุนู ููุตูุฏ,,2,ุงูุดุงูุฑูุง ุงููุญู ููุท ุฌูุฏุฉุ ุดุงูุฑูุง ุงูุฏุฌุงุฌ ููุจุงุจ ุงููุญู ูุงูุฏุฌุงุฌ ุณูุฆุงุช ูุง ูุทุนู ุงู ุญุดูุฉ + ูุญุท ูุน ุงููุญู ุซูู ููุท ููุง ุนูุฏู ุญูุต ุงู ุทุญููุฉ,negative,truthful
1282,[20-30),male,ููุฏู,,3,ุทูุจุช ุงูููููู ุงููุญู ูุงูุฏุฌุงุฌุ ุจุฎูู ุฌุฏุง ุจูููุฉ ุงูุญุดูุฉ ูุงูุตูุตุงุช ููุงุฑูุฉ ุจูุฑูุน ุงููุตูู,negative,truthful
1283,[20-30),male,ุจูููุฉ ูุจุฏุฉ ุณุนูุฏ ุงูุจุงู,,2,ุงููุจุฏุฉ ุญููู ูููู ููุณุช ุงูุงูุถู (ูุทุจุนุง ูุฌูุฏุฉ) ุงูุฏุฌุงุฌ ูุนูุฉ ูู ุงููู,negative,truthful
1284,[20-30),male,ุณูุดุฑู ุจุฑุฌุฑ,,3,ุณุนุฑู ููุชุงุฒ ูุทุนู ุฑุงุฆุน ูููู ูุนูุจู ูุณู ุงูุนุงุฆูุงุช ุงูุญูุงุฌุฒ ุดูู ูููุณ ููุง ูุงุฆุฏุฉ,negative,truthful
1285,[20-30),male,ุณุจุงูุณ ุงุทุจุงู ุงูุชูุงุจู ุงูููุฏูุฉ,,2,ุงุณุนุงุฑ ูุฑุชูุนู ูุงูุทุนู ูุง ูุณุชุญู,negative,truthful
1286,[20-30),female,ุจุฑูุณุช ุงููุงูุณ,,2,ุทูุจุช ูุฑุณุจู ุฑูู ูุจุฑูุณุชุฏ ุญุฑุงู ูุชุดูู ูููุฒ ููููุฉ ุงูุฒูุช ุงููู ูููุง ูู ุทุจูุนู! ูุง ุฃุฏุฑู ุฅุฐุง ุงูุทุนู ุญูู ูุฃูู ูู ูุงุถุญ ูู ุงูุฒูุช ุงููู ูุชุดุฑุจู,negative,truthful
1287,[20-30),female,ุงูุจูู,,3,ุฌูุฏุฉ ุซุงุจุชู ููุฐูุฐ๐๐ป ููุชุฑุญ: ูู ูุบููุฑูู ุงูุฎุจุฒ ูููู ุฃูุถู,negative,truthful
1288,[20-30),female,ูุชุฉ ู ุตููุจุฑ,,3,โุงูุฃูู ูุงู ูุฐูุฐ ููู ุชุฃุฎุฑ ุนูููุง ูููุงู ูุตู ุจุงุฑุฏ ูุฐู ูู ููุท ููุทุฉ ุณูุฆุฉ ูู ุงููุทุนู ููุตูุญู ุงูุฅุถุงุกุฉ ุนูุฏ ุฌูุณุงุช ุงูุจุงุฑุชูุดู ุณูุฆุฉ,negative,truthful
1289,[50-60),female,ุดูุฑูุง ุฒูู,,3,ุญูู ุจุณ ููุชูู ูุญุทูู ุตูุตุงุช ูุน ุงูุดูุฑูุง,negative,truthful
1290,[20-30),female,ูุงู,,3,ููุฑู ุงุฎุงู ูุง ุจุทู ุ ูู ุงูุขููุฉ ุงูุฃุฎูุฑุฉ ุงุฐุง ุงููุช ูู ูุงู ููู ุจุณุจุจ ุทูุจ ุงูุตุบุงุฑ ุ ููู ุญูููุฉ ููุท ุงูุจุทุงุทุณ ุนูุฏูู ูุฐูุฐ,negative,truthful
1291,[20-30),female,ููุฏู,,2,ูุงุนุฌุจุชูู ุงูุณุงูุฏุชุฑุด ููุงูููุชูุง ุงูุฏุฌุงุฌ ูู ูููุฉ ุฒูุฑู ุบุฑูุจู,negative,truthful
1292,[20-30),female,ุชู ุฅูุช,,3,ุฌุฑุจุช ุณุงูุฏููุด ุงูุฑุจูุงู ูุง ุจุฃุณ ุจู ูุฐูุฐ ููู ุชููุนุช ุฃู ูููู ุญุฌู ุงูุณุงูุฏููุด ุฃูุจุฑ.,negative,truthful
1293,[20-30),female,ูุฑูู,,3,ูุงู ูู ุทุนู ุฎุงุต ู ูููุฒ ูู ุชุงูู ุฎุฑุจุงููู,negative,truthful
1294,[20-30),female,ุงุฑููู,,3,ุงูููุงู ุฌููู ูุงูุฎุฏูู ุณุฑูุนู ูุณุชูู ุงูุงุทุจุงู ูุชูุงูุช,negative,truthful
1295,[20-30),female,ูุฑูู,,1,ุงููุฌุจุงุช ุตุงูุฑุฉ ูุงุดูุฉ ูุชุบุตุต ูุงูุช ุชุงูู,negative,truthful
1344,[40-50),female,ุดุงูุฑูุง ูุฐูุฐ,,4,ุงูุชุจููุง ูููุธุงูุฉ,negative,truthful
1476,[40-50),male,ุญุงุดู ุจุงุดุง,,4,ูุชุงุฎุฑูู ุจุงูุทูุจ ููุง ูุนููููู ุชูุนุฏ ูขู ุฏูููู ุชูุชุธุฑ,negative,truthful
1558,[20-30),female,ุนูู ุญูุฒุฉ,,2,ูู ุนูู ูุฏ ุงููุฏุญ ุงููู ุฌุงู ูุงูุงูู ุนุงุฏู ุฌุฏุง,negative,truthful
1562,[20-30),female,ULB,,3,ูู ุจุฏุงูุฉ ุงููุทุนู ูุงูุช ุงูุจุฑูุฑ ููุงูุฉุ ุงูุญูู ููุฃุณู ุงูุตูุต ูู ูุฑุฉ ุฃูู + ุงููุญูุฉ ุชุตุบุฑ ููุง ุงูุทุจุฎุช ุฒููุ ุงูุดูุก ุงููุญูุฏ ุงูุจุงูู ุญูู ูู ุงูุจุทุงุทุณ,negative,truthful
1565,[50-60),female,ููุฏู,,3,ุงูุงุณุนุงุฑ ูุฑุชูุนู ุฌุฏุง ุนู ุงูุณุงุจู ุจูููุง ุงูุฌูุฏู ูู ุงูุทุนู ุฃูู ูู ุงูุณุงุจู ,negative,truthful
1568,[30-40),female,ุงูุทุงุฒุฌ,,4,ุจุนุถ ุงูููุชุฌุงุช ูุงูุช ุงูุฏุนุงูุฉ ููุง ุชููู ุงููุตู ูููู ุงูุตุฏูุช ูู ุทุนููุง ูููู ููุฌุงุช ูุงุงุฏ ุฌุงุจ ููุง ุทุงุฑู ููุน ุฐูู ูุฐูุฐุฉ ุุ ุงููุทุนู ุชุบูุฑ ุนู ุงูู ูุซูุฑ,negative,truthful
1569,[40-50),female,ุดุงูุฑูุฑ,,3,ูููู ุญุดูู ุงูุณุงูุฏููุชุด,negative,truthful
1575,under 20,female,Towlan Hotel Suites 1,,3,ุงูุบุฑูุฉ ุฌูุฏุฉ ููุจูุฑู ูููุงุณุจู ุญู ุนุงุฆูุฉ ุณุนุฑูุง ูุงู ูู ูุนููู ุจุงููุณุจู ููุบุฑูุฉ ููุธุงูุชูุง,negative,truthful
1580,[20-30),male,ููุฏู ูุฎุจุฉ ุงููููุง ,,3,ุงูููุฏู ุดููู ุฌููู ูุงูุบุฑู ุดููู ุฌููู ุฌุฏุง ุชุนุงูู ุงูููุธููู ุฌููู ุฌุฏุง ููุญุชุฑู.  ุณูุจูุงุชู ุงูุบุฑูู ุงูู ุฃุฎุฐุชู ุชุณูุน ุตูุช ุงููููุฉ ูุฑู ููู ุชุนุฌุฒ ุชูุงู.,negative,truthful
1583,[20-30),male,ุณูุง,,3,ุชุฌุฑุจุฉ ุฌูุฏุฉ ูุฎุฏูุฉ ูุง ุจุฃุณ ุจูุง ูููู ุชููุต ุงููุธุงูุฉ ,negative,truthful
1586,[20-30),female,ููููุจูู ุฌุฏุฉ ,,3,ุณููุช ูู ููุฉ ุนูู ุงูุจุญุฑ ุ ุงููุธุงูุฉ ูุงูุฎุฏูุฉ ุฑููุจุฉ ููู ุงูููุฉ ุชูุชูู ุฑุทูุจุฉ ูุงูุงุฑุถูุฉ ูููุง ุชุชุจู + ุณุฑุทุงู ุงูุจุญุฑ ููุตู ููุญุฏููุฉ . ูุงูุฏุฑูุง ูููู ุงูููู ุงูุซุงูู ููู ููุงุณู ,negative,truthful
1593,[20-30),female,ุงูุงุจุงุก,,3,ุงูููุฏู ุฌูุฏ ูุน ุงูู ูค ูุฌูู ุงูุฎุฏูุงุช ูุง ุจุฃุณ ุจูุง ุฃูุถุง ููุฆุชู ุงูุฎุงุฑุฌูุฉ ูุง ุชูุญู ุงูู ููุฏู ูุฑุชุจ ูู ุงูุฏุงุฎู ุนูููุง ุงูุตุญ ุจู ูู ุญุงู ุณุคุงูู ุนู ุฑุงูู ุชุฌุงูู,negative,truthful
1594,[20-30),male,Lamar,,3,ุงูุบุฑูุฉ ูุธููุฉ ููุฑูุญุฉ ููู ุนูุงู ุฎุฏูุฉ ุงูุบุฑู ูุฒุนุฌูู ูุบูุฑ ูุจูููุ  ุงููุทุนู ูุชูุณุท ุ ูููุน ุงูุบุฑูุฉ ุจูุฑุจ ุงููุตุงุนุฏ ูุณุจุจ ุงููุซูุฑ ูู ุงูุงุฒุนุงุฌุ ุงูููุธููู ูุฑูุญ ูุงูุซุฑ ูู ุฑุงุฆุน ุ ุงูุจุงุตุงุช ูุง ุชููู ูุชูุงุฌุฏุฉ ุจุดูู ุฏุงุฆู ููุง ูู ููุชูุจ ูู ูุตู ุงูููุฏู ุ ,negative,truthful
1603,[20-30),female,ุงููุฑูุฉ ุฑูุญุงูุฉ ูู ุฑูุชุงูุง,,3,ุจุดูู ุนุงู ุฌูุฏ ูููู ูุณุชูุงู ุชุฏูู ูุซู ุฑุงุฆุญุฉ ุงูููุฑุงุช ุณูุฆุฉ ุฌุฏูุง ูุจุนุถ ุงูุฎุฏูุงุช ูุงุชูุฏู ุจุดูู ุฌูุฏ .,negative,truthful
1607,[20-30),female,ููุฏู ูุงุณููู ุงููุฌุฏ,,3,ููุชุงุฒ ููู ุฎุฏูุฉ ุงูููุธููู ููู ูู ุงุญุจูุง ุงุทูุงูุง ุนูุฏ ุงูุงูุชุฑุงุจ ูู ุงูุชูุงุก ุงูุญุฌุฒ ุทุฑู ุงูุจุงุจ ุทุฑููุง ูุฒุนุฌูุง ููุช ูุงุฆูุฉ ูุฐูู ูู ุงุฑูุฒ ููู ุนูุฏูุง ูุชุญุช ุงูุจุงุจ ูุงุฏ ุงู ูุฏุฎู ุฑุฌู ูู ุงูุนุงูููู ูู ุงูููุฏู ุงุฎุจุฑูู ุจุฃูุชุฑุงุจ ููุช ุงูุฎุฑูุฌ ูุนูุฏ ุงููุฒูู ุชูุงุฌุฆูุง ุจูุงูุญุฉ ุงูููุถูุงุช ูุฐุง.. ูู ูุธูู ูุฌูุฏ ูุฌููู ูุงูุณุนุฑ ุฃูุถุง ูุงู ุฑุงุฆุน ููู ูุฌูุจ ุชุญุณูู ุงูุทุงูู ,negative,truthful
1613,[50-60),female,Hanciogul omran Evleri,,3,ุฌุฑุจุช ุฃูุซุฑ ูู ุฎูุงุฑ ููุงู ุงููุณุชูู ูุชูุงูุช ูุงูุณุนุฑ ูุฑุชูุน ,negative,truthful
1622,[20-30),female,ูููุฏู ุชูููุจ ุงูุฎุจุฑ Golden Tulip ๐ท ,,3,ุณุนุฑู ุฌููู ุฑุบู ุงูู ูุทู ุนูู ุงูุจุญุฑ ูููุงูู ุฌูุฏ ููู ุจุฌุงูุจ ููุทูุฉ ูุงุฏุฆุฉ ู ูุฑูุจ ุฌุฏุง ูู ุฌุณุฑ ุงูููู ููุฏ ๐ง๐ญ ุูุธูู ููู ูุจุฏู ูุฏููุงู ููููุงู ูุญุชุงุฌ ูุนูุงูุฉ ุฃูุซุฑ ูุชุฌุฏูุฏ.,negative,truthful
1627,[20-30),female,ููุฏู ุงูููุฑุง ูู ุงููุงุฌูุฉ ุงูุจุญุฑูุฉ - ุฌุฏุฉ,,2,ุณูุก ูู ูุงุญูุฉ ุงููุธุงูุฉ ู ุฃูุถุงู ููุงุฑูุฉ ุจุงูุณุนุฑ ุงููู ุฏูุนูุงู ูุงู ูุจุงูุบ ููู ููุฃุณู ,negative,truthful
1632,[20-30),female,ููฺคูุจูู,,3,ุชุฌุฑุจุฉ ููุณุช ุณูุฆู ุงุณุชูุชุนุช ูููู ููุณ ุงูุฎูุงุฑ ุงูุฃูุถู ,negative,truthful
1643,[20-30),female,ุฑุงุฏูุณูู ุจูู ุฑูุฒูุฏูุณุ ุงูุธูุฑุงู,,3,ูุงุฏุฆ ูููุงุณุจ ููุนูุงูู ูููุธู ุฌุฏุงู ููู ุงูุบุฑู ุถููุฉ ุงููุงู ูุง ููุฌุฏ ุชูุธูู ุนููู ููุดูู ุงูุณุฑูุฑ ูุด ูุฑูุญ ุงููุฎุฏุงุช ุบุซูุซู ููุฃุณู ุงุชููู ูุนุฏููู ุงูุงุดูุงุก ูุฐู ุญุฑุงู ูุฎุฑุจู ุนูู ูุฎุงูู ุงูููุฏู,negative,truthful
1644,[20-30),female,ุจุฑุฌ ุงูุฃุนูุงู,,2,ุงูููุฏู ูุฌุฏุฏููู ูู ุจุฑุง ููู ุงูุดูู ููุณูุง ุบูุฑ ูุธููู ุงุฑุถูุชูุง ููู ุงูุญูุงูุงุช ูุงููุทุจุฎ ูุธููู ุฌุฏุงู,negative,truthful
1646,[20-30),male,ูู ุดููู ูุณูุช ุงุณูู ุจุณ ูุงู ุจุงูุฏูุงู ููุงุจู ููุฑููุด ุงูุฏูุงู ,,1,ูุงู ุณูุฆ ูุชุฌุฑุจุฉ ุณูุฆุฉ ุฌุฏูุง ุงูุญุณูู ุงููุญูุฏู ุงูุงุทูุงูู ูุงูุณุนุฑ ุงูุง ุงููุงูู ุฌุฏูุง ุณูุฆ ุญุชู ููุฑุงุช ุงูููุฏู ูุชูู ูุฌูุฏุชูุง ูุงูุณุงุฎ ูุฌูุฏู ุงูุบุฑุจ ุฌุฏูุง ุณูุฆู ูุถููู ุชุญุณ ุงูุตุงูุญ ูุงููุทุจุฎ ูุบุฑูุฉ ุงูููู ุจุบุฑูู ูุญุฏู ูู ุณูุฆูุง ูุตูุญู ุงุฐุง ุนุฑูุชูู ูุง ุชุฎุทููู ุจุชุทุจูููู ุจุชุงุฎุฐูู ุงุฌุฑ,negative,truthful
1650,[20-30),male,ููุฏู ุงููุฑุญุงู ูู ุงูุฑูุงุถ,,3,ููุฏู ูุง ุจุฃุณ ุจู ุ ุชุนูุจู ุงูุฑุงุฆุญุฉ ุงูุบุฑูุจุฉ ูู ุงูุบุฑูุฉ (ููุง ุงุนูู ูู ูู ููุท ูู ุงูุบุฑูุฉ ุงูุชู ุงุณุชุฃุฌุฑุชูุง ุงู ูู ุฌููุน ุงูุบุฑู) ุงูุตุญ ุจู ููุท ูู ุญุงู ุนุฏู ูุฌูุฏ ุจุฏูู ุขุฎุฑ ุงูุถูุ ูุงูุถูุง ูุณุนุฑู ุงููุชูุณุท ููุงุฑูุฉ ุจุงูููุงุฏู ุงูุงุฎุฑู ูู ุงูุฑูุงุถ ูุฏ ูุชู ุงุนุงุฏุฉ ุงูุชุฌุฑุจุฉ ูููู ูู ุญุงู ุนุฏู ูุฌูุฏ ุจุฏูู ุขุฎุฑ ,negative,truthful
1657,[20-30),male,ููุฏู ุณูุง ูุณูุท,,3,ุงูููุฏู ููุงูุงูุฉ ูุดูุนูู ุงูุณุนุฑ ูุงูุฏูููุฑ ููุทุ ูู ูุงุญูุฉ ุงูุฎุฏูุงุช ูุนุชุจุฑ ุณูุก,negative,truthful
1663,[40-50),male,ุฑูุงุจู ุงูุฅูุงุฑุงุช,,2,ูู ุญูู ูุง ุงุณุชูุจุงู ููุง ุบุฑู ูุงูุฒูู ูููู ูุง ุนูุฏู ุญุฌุฒ ููุชูู ุจุฏู ุนูู ุงูุณูุงุญู ูุงุดุชููู ุนูู ุจูููู,negative,truthful
1665,[40-50),male,ุชุฑุญุงู ููุดูู ุงูููุฑูุดุฉ,,3,ูุงุฒู ุชุชุงูุฏ ูู ูุธุงูู ุงูููุงุฑุด,negative,truthful
1673,[40-50),male,ููุฏู ุงูุณูุงู,,1,ูุง ุงูุตุญ ุจู ุชุนุจุงู,negative,truthful
1677,[40-50),male,ููุฏู ุดุฐู,,1,ุงูููุฏู ูุนุงูู ูู ุณูุก ูู ุงููุธุงูุฉุ ุฎุงุตุฉ ูู ููุงุฑุด ุงูุณุฑูุฑ ููุฑุด ุงูุบุฑูุฉ ูุงูุณุชุงุฆุฑ ูููุง ุจูุน ูุชุณุฎุฉุ ุฃูู ูุง ุณููุช ูุงู ููุฑุด ุงูุณุฑูุฑ ุบูุฑ ูุธูู ูููู ุจูุงูุง ุดุนุฑ ุดุฎุต ุขุฎุฑุ ุทูุจุชูู ูุบูุฑููู ูููู ูู ููู ุงูุขุฎุฑ ุฃูุถู. ุฑุงุฆุญุฉ ูุฏุฎู ุงูุบุฑูุฉ ุฏุฎุงูุ ููุง ููุฌุฏ ุจุฌูุงุฑ ุงูุณุฑูุฑ ูููุฐ ููุฑุจุงุก ููุดุญู. ูุฐูู ูุง ููุฌุฏ ุนุฒู ูุน ุงูุบุฑู ุงููุฌุงูุฑุฉุ ุชุณูุน ุฃุตูุงุชูู ุจุดูู ูุงุถุญ. ุ ูุจุงุจ ุงููุฑูุด ูุฎุฑุฌ ุตูุช ููู ุนูุฏ ุชุญุฑููู. ูููุน ุงูููุฏู ููุชุงุฒ ูุณุนุฑู ููุจูู,negative,truthful
1678,[40-50),male,habita hotel,,3,ูููุฉ ุฑุงุฆุนุฉุ ูููู ุงูุบุฑู ุชุญุชุงุฌ ุฅุนุงุฏุฉ ุชููุฆุฉ ูุชุฌุฏูุฏุ ูุจุนุถ ุงูุฃุซุงุซ ูุฏูู ุฌุฏุงู. ูุฃุชููู ูุฐูู ุงูุงูุชูุงู ูู ุงููุธุงูุฉ ุจุดูู ุนุงู. ุชุณุฌูู ุงูุฎุฑูุฌ ูุฃุฎุฐ ููุช ุจุณุจุจ ุนุฏู ุชุฑุชูุจ ููุธู ุงูุงุณุชูุจุงู ุจุดูู ุญูุฏ ููุนููุงุกุ ููุฃุฎุฐ ููุช ุทููู ุฌุฏุงู ุบูุฑ ูุจุฑุฑ. ุงููุทุนู ูุง ูุฑุชูู ูููุฏู ูุชููุฒ.,negative,truthful
1679,[40-50),male,ููุฏู ุงูููุงู,,1,ุฃุณุนุงุฑ ุงูููุฏู ุฌูุฏุฉุ ูููู ุงููุธุงูุฉ ุชุญุชุงุฌ ูุฒูุฏ ุงูุชูุงูุ ููุงุฑุด ุงูุณุฑูุฑ ุชุญุชุงุฌ ุชุฌุฏูุฏ ููุฌูุฏ ุนุฏุฏ ูู ุงูุฑูุน ูููุง. ุงูุฅูุชุฑูุช ุจุทูุก ุฌุฏุงูุ ููุฐูู ููุญุงุช ูุตู ุงูุบุฑู ูู ุงูุฏูุฑ ุงูุฃูู ุจุญุงุฌุฉ ุฅูู ุชุญุณูู ุญูุซ ุฃููุง ูุง ุชุฏู ุฅูู ุงูุบุฑู ุจุดูู ูุงุถุญ ูุฌูุฏ. ููุฌุฏ ุงุฒุนุงุฌ ูุจูุฑ ูุงูุบุฑู ุบูุฑ ูุนุฒููุฉุ ูููู ูุซู ุตุงูุฉ ุงูุฃูุฑุงุญ ุฃู ุดูุก ูุดุงุจู ูุฒุนุฌ ูู ุงููููุ ุฃุบุงูู ูุฃุตูุงุช ุญููุงุช ุตุงุฎุจุฉ ุชูุตูู ุฏุงุฎู ุงูุบุฑูุฉ ูุงุฎูุชูู ุฃุฑุชุงุญ ุฃุจุฏ. ุทูุจุช ูุงุก ูฃ ูุฑุงุช ูููู ูู ูุตููู ุงุจุฏุงูุ ูุงูุฎุฏูุฉ ุนูุฏูู ุฌุฏุงู ุจุทูุฆุฉ ููุง ููุฌุฏ ุชูุฏูุฑ ููุนููู. ุงููููุน ุฑุงุฆุน ูููุธู ุงูุงุณุชูุจุงู ุงููุตุฑู ูุชููุฒุ ูุตูุช ูู ุงูุตุจุงุญ ูุจูุฑ ูุฏุฎูุช ุงูุบุฑูุฉ ูุจุงุดุฑุฉ ุฏูู ุงูุงูุชุธุงุฑ.,negative,truthful
1680,[40-50),male,ููุฏู ุจุฑูุฑุฉ,,3,ููุฏู ููุชุงุฒ ููููุชู ุฑุงุฆุนุฉุ ูุนูุจู ููุงูู ูุงูุญูุฑูุงุช ูุงูุตูุงูุฉ ุงูุชู ุฃูุงููุ ูุฏ ูููู ูู ุงูุตุนุจ ููุนุงู ูุง ุงููุตูู ุฅููู ุจุณูููุฉ. ูุฐูู ูุดููุชู ุชุณุฌูู ุงูุฎุฑูุฌ ูุฃุฎุฐ ููุช ุทูููุ ุฃุญูุงูุงู ุฃูุชุธุฑ ูกู ุฏูุงุฆู ุฃู ุฃูุซุฑ ุนูุดุงู ูุชุฃูุฏูุง ูู ุงูุบุฑูุฉ! ูุทูุจุช ูููู ุงูุฅุณุฑุงุน ูุทูุจูุง ููู ุงูุงูุชุธุงุฑ ูุฑุฉ ุฃุฎุฑู! ุชููุน ุทุนุงู ุงูุงูุทุงุฑ ูู ุงูุฏูุฑ ุงูุนุงุดุฑ ุฌูุฏ,negative,truthful
1682,[40-50),male,ููุฏู ููููุชูู ุงูุนููุฏ ุงูุฑูุงุถ,,3,ุงููููุฉ ููุงุณุจุฉุ ูููู ุงูุงูุทุงุฑ ููุธุงูุฉ ุงูุบุฑู ุชุญุชุงุฌ ูุฒูุฏ ูู ุงูุชุญุณูู,negative,truthful
1683,[40-50),male,Habitat Hotel All Suites - Al Khobar,,3,ูุญุชุงุฌ ุงูููุฏู ุฅูู ุชุญุณูู ุงูุฎุฏูุงุช ุงูุชู ุจูุ ูุซู ุงูุงูุทุงุฑ ูุงููุทุนู ููุธุงูุฉ ุงูุบุฑู ูุชุนุงูู ุงูุงุณุชูุจุงู,negative,truthful
1688,[40-50),male,ููุฏู ุงููุงูุญ,,2,ููุฏู ูุฏูู ููุญุชุงุฌ ุชุฌุฏูุฏ,negative,truthful
1695,[20-30),female,ุงููููุฏุจ (ุฌุฏุฉ),,3,ููุงู ุฑุงุฆุน ุงุณุนุงุฑ ุฌูููุฉ ู ูุธูู,negative,truthful
1696,[20-30),female,Meroddi Pera Flats,,3,ุงูููุฏู ูููุนู ููุชุงุฒ ูู ุดู ูุฑูุจ ููู ููู ุณุนู ุงูุบุฑู ุตุบูุฑู ูุงูุณุฑูุฑ ูุง ูุงู ูุฑูุญ. ุงูููุธููู ูุงููุง ูุชุนุงูููู.,negative,truthful
1697,[20-30),female,ุฃูุฌู,,3,ุฌูููุ ููู ุจุนูุฏ ููููุง ุนู ุงูุญุฑู+ ุฎุฏูุฉ ุงูุนููุงุก ุฌูููู ููููุง ุจุทูุฆุฉ+ุงูุณุงุญุฉ ุงูุฎุงุฑุฌูุฉ ููููุฏู ูุคุฐูุฉ ุฌุฏูุง ุจุณุจ ุฑุงุฆุญุฉ ุงูุฏุฎุงู ูู ูุฒูุงุก ุงูููุฏูุ ูุง ูุชููุฑ ุฅูุทุงุฑ,negative,truthful
1702,[40-50),female,ุฏุจู ุฑูู,,3,ูุธูู ุฌุฏุง ูุณุท ุงููุฏููู ุจุฏูู ูุทูุฑ ุบุงูู ุงูุงุซุงุซ ูุฏูู,negative,truthful
1705,[30-40),female,ุดุฐุง ููู,,2,ุงูุฎุฏูุฉ ุฌูุฏ - ุงููุทุนู ููุชุงุฒ - ูููุน ุงูููุฏู ุณูุก ููุงุชุชููุฑ ุฎุฏูู ุงูููู ูขูค ุณุงุนู,negative,truthful
1712,[20-30),female,ููููุฏู ุฅู ุงูุนููุง,,1,ุงูุณุนุฑ ูุฑุชูุน ุฌุฏูุง ููุงุฑูุฉ ุจุงูุฎุฏูุงุช ุงูููุฏูุฉุ ุฎุฏูุฉ ุงูุนููุงุก ุณูุฆุฉุ ุจุนุฏ ุชุณุฌูู ุงูุฎุฑูุฌ ูุณูุช ุจุนุถ ุงูุฃุฏูุงุช ุงูุดุฎุตูุฉ ( ููุดูุฉ ูุฃุฏูุงุช ุนูุงูุฉ ุดุงูุจูุ ูุจูุณู ) ูู ูุญุธุงุช ุทูุจุช ูู ููุธูุฉ ุงูุงุณุชูุจุงู ุฎุฏูุชู ูุฅุนุงุฏุฉ ูุชุญ ุงูุบุฑูุฉ ูุฑูุถุช ูุงุฆูุฉ ( ุชุฑุงูุง ููุชุฌุงุช ุนูุงูุฉ ูููุงุดู ุงุญูุง ุญุงุทูููุง ูู ุชุขุฎุฐูููุง ูุนู !! ),negative,truthful
1713,[20-30),female,ุจุงููุงู ุฒูุฒู -ููุฉ,,3,ุงูุณุนุฑ ูุฑุชูุน ููุงุฑูุฉ ุจุฌูุฏุฉ ุงูุงุซุงุซ ! ุงุชููู ูููู ุงุนุงุฏุฉ ุชุฑููู,negative,truthful
1714,[20-30),female,ููููุงู,,3,ุงููููุน ููุชุงุฒ - ุงููุญุงูุธุฉ ุนูู ูุณุชูู ุงููุธุงูุฉ ุฌูุฏ ุฌุฏุงู ุชุนุงูู ุงูุงุณุชูุจุงู ุฌููู ู ูุฑู,negative,truthful
1719,[20-30),male,ูู ูุฐูุฑ,,1,ูุงู ุณูุฆ ูุชุฌุฑุจุฉ ุณูุฆุฉ ุฌุฏูุง ุงูุญุณูู ุงููุญูุฏู ุงูุงุทูุงูู ูุงูุณุนุฑ ุงูุง ุงููุงูู ุฌุฏูุง ุณูุฆ ุญุชู ููุฑุงุช ุงูููุฏู ูุชูู ูุฌูุฏุชูุง ูุงูุณุงุฎ ูุฌูุฏู ุงูุบุฑุจ ุฌุฏูุง ุณูุฆู ูุถููู ุชุญุณ ุงูุตุงูุญ ูุงููุทุจุฎ ูุบุฑูุฉ ุงูููู ุจุบุฑูู ูุญุฏู ูู ุณูุฆูุง ูุตูุญู ุงุฐุง ุนุฑูุชูู ูุง ุชุฎุทููู ุจุชุทุจูููู ุจุชุงุฎุฐูู ุงุฌุฑ,negative,truthful
1720,[20-30),female,ูู ูุฐูุฑ,,3,ูู ุดูุก ูููุณ ุฅููุง ุงููุธุงูุฉุ ูุงููุช ุชูุฏููู ูุณุชูู ุฃูุถู ูุดูุฑุงู,negative,truthful
1721,[20-30),female,ุจุฑุฌ ููุฉ,,3,ูููุน ูููุฒ ูุนูู ุณุงุญุฉ ุงูุญุฑู ุชููุฑ ุงููุทุงุนู ูุงููุงููุงุช ูุงููุญูุงุช ูุงูุจูุงูู ูุซุฑู ุงููุตุงุนุฏ ูุณุฑุนุชูุง /ูู ูุนุฌุจูู ุงูุณุนุฑ ูุฑุชูุน ููุนุง ูุง /ุงูุงูุทุงุฑ ุนุงุฏู ุฌุฏุง ุนูู ูุฎุงูุฉ ุงูููุฏู /ุตุบุฑูุณุงุญุฉ ุงูุบุฑู,negative,truthful
1725,[20-30),male,ููุฏู ุฏุงูุฉ ุงูุฎููุฌ,,3,ูุณุชุญูู ุงููุฑ ุงุนูุฏ ุงูุชุฌุฑุจุฉ ุ ุงูู ูุฑููู ูู ุงูููุฏู ุนุฒู ุงูุบุฑู ุ ูููุธู ุงูุงุณุชูุจุงู ุงุนุชูุฏ ูุงููู ูุงุนูู ุตุงุญุจ ุงูููุฏู ูุถุน ุงูููุธู ูู ุงูุงุณุชูุจุงู ูุงุจุนุงุฏ ุงููุฒูุงุก ุนู ุงูููุฏู ๐,negative,truthful
1727,[20-30),female,ุฑุณูุณ ุจุงุฑู ุฌุฏู ,,3,ูุง ุจุฃุณ ุฌูุฏู ูุงูุช ุงูุชุฌุฑุจู ููู ุงู ุงุดูู ุงูุณุนุฑ ูุฑุชูุน ุนูู ููู ูุงุญุฏ ูููู ุงูุดูู ูุงูุช ูุธููู ููุงุฏุฆ ุงูููุงู ูุงูููุธููู ุชุนุงูููู ูุงุด ูุฒุงุฌูู ูุชููุจ ,negative,truthful
